Sr.No,Product Name,Prices
0,"Miss Rose, 6 Colors Brand Foundation Contour Palette Primer Makeup Concealer Palette with makeup Brushes Makeup Pallete Cosmetic, As shown picture",298
1,SIMMANS Premium 2 in 1 Cosmetics Case Makeup Case Professional Beauty Trolley Travel Storage Box for Salon/Beauty Studio,"12,999"
2,"Stylish Glitter Pouch, Makeup Pouch for Womens Cosmetic, Pack of 1 (Random Color)",199
3,"Lakmé 9 To 5 Flawless Matte Complexion Compact, Almond, 8 g",375
4,"Maybelline New York Colossal Bold Eyeliner, Black, 3g",187
5,"Lakmé 9 To 5 Complexion Care Face CC Cream, Beige, SPF 30, Conceals Dark Spots & Blemishes, 30 g",224
6,Spanking Hello Kitty Mini 7 Piece Brush Set for Women (Pink),151
7,"Lakmé 9 To 5 Complexion Care Cc Face Cream, Almond, Conceals Dark Spots & Blemishes, 30 g",209
8,"Lakmé Absolute Blur Perfect, Makeup Primer- Matte Effect, Water Proof Formula, 30 ml",503
9,"Garnier Skin Naturals BB Cream, 30g",131
10,"Colorbar New Perfect Match Primer, 30ml",680
11,"Wet n Wild Megaglo Highlighting Powder (Highlighter), Blossom Glow, 5.4g",380
12,"Maybelline New York Hypercurl Mascara Waterproof, Black, 9.2ml",258
13,Mars Ultra Curl Long lasting Mascara For Women 12 ml (Jet black),179
14,ERHETUS Multipurpose Travel Cosmetic Makeup Case | Inner Ware Storage Organizer & Travelling Pouches for Women | Multi Pockets Toiletry Pouch & Wash Bag for Girls (Size 21 * 16 * 08 cm)(Multi-Color),199
15,"TAGUDA Multifunctional Travel Bag Extra Large Makeup Organiser Cosmetic Case Household Grooming Kit Storage Travel Kit Pack with Hook, Travel Bag for Women Travel, Makeup Bag (Blue Hook)",299
16,TYA Makeup Kit + 5 Pcs Makeup Brush + 2 Pc Blender Puff Combo,299
17,"Lakme Absolute Perfect Radiance Skin Brightening Day Crème (Cream) With Sunscreen, 50 g",249
18,"mCaffeine Coffee Mood Skin Care Gift Kit | Tan Removal, Deep Cleanser | Body Scrub, Face Wash, Face Scrub, Face Mask | Paraben & SLS Free","1,625"
19,"Maybelline New York Baby Lips Lip Balm, Cherry Kiss, 4g",140
20,"Himalaya Pure Skin Neem Facial Kit (Facewash 50ml, Scrub 50g & Face Pack 50g)",133
21,Women Make Up Travel Organizer Toiletry Kit Bag Pouch for Brush Make up Holder Fashion Flamingo Print Portable Flamingo (PARTITION Added) (Blue),375
22,"NIVEA Deodorant Roll-on, Whitening Smooth Skin, 50ml",139
23,VLCC Facial Kits (VLCC Natural Sciences Gold Facial Kit for Luminous and Radiant Complexion 60g),192
24,Mammon PU Makeup Bag Pouch Purse Handbag Organizer with Zipper,189
25,"La French Party Girl Long Lasting, Skin Friendly, Perfume for women - 85ml",499
26,SIMMANS Premier Fantasy Collection Makeup Artists Cosmetics Train Case - Black,"4,999"
27,SIMMANS Hot Beauty Vanity Makeup Cosmetic Bag Case Nail Polish Make up Box - Multi-Color,"3,999"
28,SIMMANS Extra Large Black Beauty Case Make Up Nail Tech Professional Cosmetic Vanity Box (Multi-Color),"4,199"
29,"Lakmé Rose Face Powder With Sunscreen, Warm Pink, 40 g",153
30,FASTUNBOX (LABEL) Travel Cosmetic Makeup Case Wash Organizer Storage Pouch Travelling Organizer Travel Bag Travel for Women Inner Ware Organizer,320
31,"Maybelline New York Color Sensational Creamy Matte Lipstick, 696 Burgundy Blush, 3.9g",239
32,"Lakmé Eyeconic Kajal Twin Pack, Smudge Proof, Water Proof, Lasts Upto 22 Hours, 0.35 g + 0.35 g}",268
33,Monument 3 Pcs Foldable Waterproof Barrel Storage Makeup Bag PVC and Mini Travel Pouches for Women Portable Drawstring Travel Cosmetic Toiletry Bag for Women Makeup Organizer Bag (3 Pcs),288
34,"Latuki Multifunctional Extra Large Cosmetic Bag with Hook for Travel, Makeup Organiser, Cosmetic Pouch, Household Grooming Kit, Makeup Bag For Women | Assorted color",389
35,"MINISO Simple Semicircle Cosmetic Bag Portable Makeup Pouch for Women Multifunctional Travel Storage Toiletry Bag, Dark Blue",190
36,"TETRIX Cosmetic Organiser Bag Makeup Pouch Multifunctional Travel Bag Grooming Kit for Women and Girl, Multicolor Pack of 1",395
37,RENEE FAB 5 Matte Finish 5 in 1 Lipstick 7.5G,599
38,Makeup Pouch for Women Stylish | Makeup Bag Accessories Travel Cosmetic Bags | Toiletry Bags | Make Up Pouch Girls,199
39,Prink Multipurpose Travelling/Vanity/Makeup/Medicine/Accessories Transparent Pouches Combo of 4 Set of Pouches,349
40,KH Store® Makeup Box for Women | Makeup bag Cosmetic Storage Boxes | Jewelry Organizer | Toiletry Box with Compact Magnifying Mirror for Travel (Multi-Color),345
41,NFI essentials Floral Print Cosmetics Pouch Makeup Pouch Vanity Case Jewellery Pouch Stationery Pencil Case Travel Organiser Travel Pouch Bridal Gift (Grey),349
42,"EVADELY Multifunctional Cosmetic Bag with Hook for Travel, Makeup Organiser, Cosmetic Pouch, Household Grooming Kit, Makeup Bag for Women | Assorted Color (Blue) (Blue)",339
43,"Maybelline New York Colossal Kajal, Black, 0.35g (Pack Of 2)",235
44,DOOMSDAY Makeup Bag for Women | Cosmetic Storage Bag | Cosmetic Organizer with Compact Magnifying Mirror for Travel (Multi-Color),349
45,LOYAL EMPLE Multifunctional Extra Large Cosmetic Bag for Travel | Makeup Organiser for Accessories | Waterproof Household Grooming Kit Storage with Hook for Hanging for Men & Women (Multi-Colour),399
46,FW FAMEWORLD Multifunctional Extra Large Cosmetic Bag for Travel | Makeup Organiser for Accessories | Waterproof Household Grooming Kit Storage with Hook for Hanging for Men & Women (Multi-Colour) (1),379
47,House of Quirk Makeup Bag Cosmetic Bag for Women Cosmetic Travel Makeup Bag Large Travel Toiletry Bag for Reusable Toiletry Bag - Grey,399
48,"Vaseline Intensive Care Deep Restore with pure Oat extract Body Lotion, 400 ml",237
49,Trevik Multifunctional Hanging Travel Toiletry Case For Men And Women Makeup Organiser Cosmetic Case Bag Household Grooming Kit Storage Travel Bag with Hook (Navy Blue),499
50,"FLYNGO Multipurpose Cosmetic Organizer Bag, Makeup Pouch for Women, Men Travel Toiletry Kit (Multicolor)",379
51,"Evadely Multifunctional Cosmetic Bag with Hook for Travel, Makeup Organiser, Cosmetic Pouch, Household Grooming Kit, Makeup Bag For Women | Assorted color",349
52,"RECTITUDE Multifunction Toiletry Bag, Portable Makeup Pouch Waterproof Hanging Cosmetic Bag Travel Cosmetic Kit Handle Organizer Bag with Hook for Women Girls ::::Color As Per Availability::::",399
53,KDR Latest Stylish Makeup Box for Women | Cosmetic Storage Boxes | Jewellery Organizer | Toiletry Bag with Compact Magnifying Mirror for Travel,299
54,ERHETUS Multifunctional Extra Large Cosmetic bag for travel | Makeup Organiser for accessories for Women | Waterproof Household Grooming Kit Storage Bags with hook for hanging for men - Black,299
55,"Maybelline New York Lasting Drama Gel Eyeliner ,Blackest Black, 2.5g",350
56,ERHETUS Latest Stylish Makeup Bag for Women | Cosmetic Storage Boxes | Jewellery Organizer | Toiletry Box with Compact Magnifying Mirror for Travel (Multi-Colour),279
57,"FashFlash Multifunctional Extra Large Cosmetic Bag with Hook for Travel, Makeup Facilitator, Cosmetic Pouch, Household Grooming Kit, Makeup Bag For Women | Maroon",349
58,DITCAFOS Travel Cosmetic Makeup Case Wash Organizer Storage Pouch Travelling Organizer Travel Bag Travel for Women Inner Ware Organizer,154
59,RETSPHIX Women's Zipper Makeup Cosmetic Bag with Compartments Organizer Toiletry Bag Kits for Women Girls,189
60,"RENEE See Me Shine Lip Gloss - Pink Pow-Wow, 2.5ml",315
61,RENEE FAB 5 Matte Finish 5 in 1 Lipstick 7.5G,599
62,"Teal & Terra Hairfall and Dandruff treatment (Serum/Very light Oil) With Onion and Castor, Vitamin E, 100 ml",833
63,"Herbal Essences bio:renew Vitamin E with Cocoa Butter SHAMPOO, 400ml | No Parabens No Colourants",450
64,"Sirona Blink and Glow Face Razor for Women - 3 Razors | Facial & Upper Lips Hair Removal, Eyebrow Shaper & Dermaplaning Tool",246
